model_role,n,median_cov,mean_cov,max_cov
sonnet,22,0.038552,0.066573,0.201436
opus,28,0.046213,0.052330,0.191771
haiku,17,0.047881,0.048629,0.156111
